{
    "answers": {
        "phase": "coding",
        "action":"dev-ops",
        "scope": "api",
        "action experience": 2,
        "language":"python",
        "other language": "<fill in>",
        "aimodel": "chatgpt",
        "aimodel version": "<fill in>",
        "open source aimodel": "<fill in>",
        "tool option": "online free",
        "experience with tool": 4,
        "time allocated (h)": "0.5",
        "time saved estimate (h)": "1.2", 
        "quality of ai help": 4,
        "knowledge acquired": 3,
        "generic feeling - now": 3,
        "generic feeling - future": 4,
        "threat level": 1,
        "notes": "<fill in>"
    }
}
