{
    "answers": {
        "phase": "coding", 
        "action": "dev-ops",
        "scope": "backend", 
        "action experience": 3,
        "language":  "python",
        "other language": "<fill in>",
        "aimodel": "chatgpt",
        "aimodel version": "<fill in>",
        "open source aimodel": "<fill in>",
        "tool option": "online free",
        "experience with tool": 4,
        "time allocated (h)": "1",
        "time saved estimate (h)": "3", 
        "quality of ai help": 4,
        "knowledge acquired": 4,
        "generic feeling - now": 3,
        "generic feeling - future": 4,
        "threat level":2,
        "notes": "<fill in>"
    }
}
