{
    "answers": {
        "phase":  "architecture",
        "action": "stakeholder statement", 
        "scope": "uml sequence",
        "action experience": 2,
        "language": "n/a",
        "other language": "<fill in>",
        "aimodel": "chatgpt",
        "aimodel version": "<fill in>",
        "open source aimodel": "<fill in>",
        "tool option": "online free",
        "experience with tool": 4,
        "time allocated (h)": "0.45",
        "time saved estimate (h)": "1.5", 
        "quality of ai help": 2,
        "knowledge acquired": 2,
        "generic feeling - now": 3,
        "generic feeling - future": 4,
        "threat level": 0,
        "notes": "<fill in>"
    }
}