{
    "answers": {
        "phase": "architecture",
        "action": "use case specification",
        "scope": "uml activity",
        "action experience":  2,
        "language": "n/a",
        "other language": "<fill in>",
        "aimodel": "chatgpt", 
        "aimodel version": "<fill in>",
        "open source aimodel": "<fill in>",
        "tool option": "online free", 
        "experience with tool": 4,
        "time allocated (h)": "0.3",
        "time saved estimate (h)": "0.5", 
        "quality of ai help": 3,
        "knowledge acquired": 2,
        "generic feeling - now": 3,
        "generic feeling - future": 3,
        "threat level": 0,
        "notes": "<fill in>"
    }
}